{"0.9388613433890762":{"user_id":1},"0.8318002374675828":{"user_id":1}}